INSERT INTO wp.Brand (id, name) VALUES (1, 'Nike');
INSERT INTO wp.Brand (id, name) VALUES (2, 'Crocs');
INSERT INTO wp.Brand (id, name) VALUES (3, 'New Balance');
INSERT INTO wp.Brand (id, name) VALUES (4, 'Jordan');

INSERT INTO wp.Shoe (id, name, brand_id, photo, `desc`) VALUES (1, 'Nike Dunk Low Retro PRM Graffiti', 1, 'img/shoe/1.webp', '조던 1 로우 골드 스타피쉬');
INSERT INTO wp.Shoe (id, name, brand_id, photo, `desc`) VALUES (2, 'Crocs x Salehe Bembury Pollex Clog Stratus', 2, 'img/shoe/2.webp', '크록스 x 살레헤 벰버리 폴렉스 클로그 스트라투스');
INSERT INTO wp.Shoe (id, name, brand_id, photo, `desc`) VALUES (3, 'New Balance x Joe Freshgoods 9060 Inside Voices', 3, 'img/shoe/3.webp', '뉴발란스 x 조 프레쉬굿즈 9060 인사이드 보이스');
INSERT INTO wp.Shoe (id, name, brand_id, photo, `desc`) VALUES (4, 'Jordan 4 Retro White and Black', 4, 'img/shoe/4.webp', '조던 4 레트로 화이트 앤 블랙');

INSERT INTO wp.Order_Shoe (id, shoe_id, size) VALUES (1, 1, 260);
INSERT INTO wp.Order_Shoe (id, shoe_id, size) VALUES (2, 1, 220);
INSERT INTO wp.Order_Shoe (id, shoe_id, size) VALUES (3, 1, 230);
INSERT INTO wp.Order_Shoe (id, shoe_id, size) VALUES (4, 1, 240);
INSERT INTO wp.Order_Shoe (id, shoe_id, size) VALUES (5, 1, 250);
INSERT INTO wp.Order_Shoe (id, shoe_id, size) VALUES (6, 1, 270);
INSERT INTO wp.Order_Shoe (id, shoe_id, size) VALUES (7, 1, 280);
INSERT INTO wp.Order_Shoe (id, shoe_id, size) VALUES (8, 2, 260);
INSERT INTO wp.Order_Shoe (id, shoe_id, size) VALUES (9, 2, 220);
INSERT INTO wp.Order_Shoe (id, shoe_id, size) VALUES (10, 2, 230);
INSERT INTO wp.Order_Shoe (id, shoe_id, size) VALUES (11, 2, 240);
INSERT INTO wp.Order_Shoe (id, shoe_id, size) VALUES (12, 2, 250);
INSERT INTO wp.Order_Shoe (id, shoe_id, size) VALUES (13, 2, 270);
INSERT INTO wp.Order_Shoe (id, shoe_id, size) VALUES (14, 2, 280);
INSERT INTO wp.Order_Shoe (id, shoe_id, size) VALUES (15, 3, 260);
INSERT INTO wp.Order_Shoe (id, shoe_id, size) VALUES (16, 3, 220);
INSERT INTO wp.Order_Shoe (id, shoe_id, size) VALUES (17, 3, 230);
INSERT INTO wp.Order_Shoe (id, shoe_id, size) VALUES (18, 3, 240);
INSERT INTO wp.Order_Shoe (id, shoe_id, size) VALUES (19, 3, 250);
INSERT INTO wp.Order_Shoe (id, shoe_id, size) VALUES (20, 3, 270);
INSERT INTO wp.Order_Shoe (id, shoe_id, size) VALUES (21, 3, 280);
INSERT INTO wp.Order_Shoe (id, shoe_id, size) VALUES (22, 4, 260);
INSERT INTO wp.Order_Shoe (id, shoe_id, size) VALUES (23, 4, 220);
INSERT INTO wp.Order_Shoe (id, shoe_id, size) VALUES (24, 4, 230);
INSERT INTO wp.Order_Shoe (id, shoe_id, size) VALUES (25, 4, 240);
INSERT INTO wp.Order_Shoe (id, shoe_id, size) VALUES (26, 4, 250);
INSERT INTO wp.Order_Shoe (id, shoe_id, size) VALUES (27, 4, 270);
INSERT INTO wp.Order_Shoe (id, shoe_id, size) VALUES (28, 4, 280);

